INSERT INTO ClientMaster(client_no, client_name, client_city, client_state, client_pin_code, client_bal_due) VALUES('0001', 'Ivan', 'Bombay', 'Maharashtra', 400054, 15000)
INSERT INTO ClientMaster(client_no, client_name, client_city, client_state, client_pin_code, client_bal_due) VALUES('0002', 'Vandana', 'Madras', 'Tamilnadu', 780001, 0)
INSERT INTO ClientMaster(client_no, client_name, client_city, client_state, client_pin_code, client_bal_due) VALUES('0003', 'Pramada', 'Bombay', 'Maharashtra', 400057, 5000)
INSERT INTO ClientMaster(client_no, client_name, client_city, client_state, client_pin_code, client_bal_due) VALUES('0004', 'Basu', 'Bombay', 'Maharashtra', 400056, 0)
INSERT INTO ClientMaster(client_no, client_name, client_city, client_pin_code, client_bal_due) VALUES('0005', 'Ravi', 'Delhi', 100001, 2000)
INSERT INTO ClientMaster(client_no, client_name, client_city, client_state, client_pin_code, client_bal_due) VALUES('0006', 'Rukmini', 'Bombay', 'Maharashtra', 400050, 0)

INSERT INTO ProductMaster VALUES('P00001', '1.44 floppies', 5, 'piece', 100, 20, 525, 500)
INSERT INTO ProductMaster VALUES('P03453', 'Monitors', 6, 'piece', 10, 3, 12000, 11200)
INSERT INTO ProductMaster VALUES('P06734', 'Mouse', 5, 'piece', 20, 5, 1050, 500)
INSERT INTO ProductMaster VALUES('P07865', '1.22 floppies', 5, 'piece', 100, 20, 525, 500)
INSERT INTO ProductMaster VALUES('P07868', 'Keyboards', 2, 'piece', 10, 3, 3150, 3050)
INSERT INTO ProductMaster VALUES('P07885', 'CD Drive', 2.5, 'piece', 10, 3, 5250, 5100)
INSERT INTO ProductMaster VALUES('P07965', '540 HDD', 4, 'piece', 10, 3, 8400, 8000)
INSERT INTO ProductMaster VALUES('P07975', '1.44 Drive', 5, 'piece', 10, 3, 1050, 1000)
INSERT INTO ProductMaster VALUES('P08865', '1.22 Drive', 5, 'piece', 2, 3, 1050, 1000)

INSERT INTO SalesmanMaster VALUES('S00001', 'Kiran', 'A/14 worli', 'Bombay', 'Mah', 400002, 3000, 100, 50, 'Good')
INSERT INTO SalesmanMaster VALUES('S00002', 'Manish', '65, nariman', 'Bombay', 'Mah', 400002, 3000, 200, 100, 'Good')
INSERT INTO SalesmanMaster VALUES('S00003', 'Ravi', 'P-7 Bandra', 'Bombay', 'Mah', 400002, 3000, 200, 100, 'Good')
INSERT INTO SalesmanMaster VALUES('S00004', 'Ashish', 'A/5 Juhu', 'Bombay', 'Mah', 400002, 3500, 200, 150, 'Good')

INSERT INTO SalesOrder(sales_order_no, sales_order_date, sales_order_client_no, sales_order_dely_type, sales_order_billed_yn, sales_order_salesman_no, sales_order_dely_date, sales_order_status) VALUES('019001', '01.12.1996', '0001', 'F', 'N', 'S00001', '01.20.1996', 'in process')
INSERT INTO SalesOrder(sales_order_no, sales_order_date, sales_order_client_no, sales_order_dely_type, sales_order_billed_yn, sales_order_salesman_no, sales_order_dely_date, sales_order_status) VALUES('019002', '01.25.1996', '0002', 'P', 'N', 'S00002', '01.27.1996', 'canceled')
INSERT INTO SalesOrder(sales_order_no, sales_order_date, sales_order_client_no, sales_order_dely_type, sales_order_billed_yn, sales_order_salesman_no, sales_order_dely_date, sales_order_status) VALUES('016865', '02.18.1996', '0003', 'F', 'Y', 'S00003', '02.20.1996', 'fulfilled')
INSERT INTO SalesOrder(sales_order_no, sales_order_date, sales_order_client_no, sales_order_dely_type, sales_order_billed_yn, sales_order_salesman_no, sales_order_dely_date, sales_order_status) VALUES('019003', '04.03.1996', '0001', 'F', 'Y', 'S00001', '04.07.1996', 'fulfilled')
INSERT INTO SalesOrder(sales_order_no, sales_order_date, sales_order_client_no, sales_order_dely_type, sales_order_billed_yn, sales_order_salesman_no, sales_order_dely_date, sales_order_status) VALUES('046866', '05.20.1996', '0004', 'P', 'N', 'S00002', '05.22.1996', 'canceled')
INSERT INTO SalesOrder(sales_order_no, sales_order_date, sales_order_client_no, sales_order_dely_type, sales_order_billed_yn, sales_order_salesman_no, sales_order_dely_date, sales_order_status) VALUES('010008', '05.24.1996', '0005', 'F', 'N', 'S00004', '05.26.1996', 'in process')

INSERT INTO SalesOrderDetails VALUES('019001', 'P00001', 4, 4, 525)
INSERT INTO SalesOrderDetails VALUES('019001', 'P07965', 2, 1, 8400)
INSERT INTO SalesOrderDetails VALUES('019001', 'P07885', 2, 1, 5250)
INSERT INTO SalesOrderDetails VALUES('019002', 'P00001', 10, 0, 525)
INSERT INTO SalesOrderDetails VALUES('016865', 'P07868', 3, 3, 3150)
INSERT INTO SalesOrderDetails VALUES('016865', 'P07885', 10, 10, 5250)
INSERT INTO SalesOrderDetails VALUES('019003', 'P00001', 4, 4, 1050)
INSERT INTO SalesOrderDetails VALUES('019003', 'P03453', 2, 2, 1050)
INSERT INTO SalesOrderDetails VALUES('046866', 'P06734', 1, 1, 12000)
INSERT INTO SalesOrderDetails VALUES('046866', 'P07965', 1, 0, 8400)
INSERT INTO SalesOrderDetails VALUES('010008', 'P07975', 1, 0, 1050)
INSERT INTO SalesOrderDetails VALUES('010008', 'P00001', 10, 5, 525)

